taxa,species,RCP85BIO07-2070,RCP85BIO08-2070,RCP85BIO09-2070,RCP85BIO14-2070,RCP85BIO08-2050,RCP85BIO09-2050,BO22_RCP85_2100_templtmax_ss,BO22_RCP85_2050_tempmin_ss,BO22_RCP85_2050_tempmean_ss
Cyanobacteria,Nodularia spumigena,0,0,0,0,0,0,21.144322,-1.681,8.506
Cyanobacteria,Nodularia spumigena,255,82,202,33,74,40,21.861348,1.326,11.738
Cyanobacteria,Nodularia spumigena,0,0,0,0,0,0,22.604915,1.449,11.138
Cyanobacteria,Nodularia spumigena,0,0,0,0,0,0,22.120022,0.928,11.454
Cyanobacteria,Nodularia spumigena,245,87,206,25,117,52,22.049168,1.431,11.456
Cyanobacteria,Nodularia spumigena,0,0,0,0,0,0,22.385708,0.857,10.274
Cyanobacteria,Nodularia spumigena,261,79,201,34,71,39,21.844349,1.189,11.619
Cyanobacteria,Nodularia spumigena,298,65,210,34,57,31,22.272618,0.059,9.894
Cyanobacteria,Nodularia spumigena,290,72,215,31,65,38,22.488767,0.682,10.226
Cyanobacteria,Nodularia spumigena,294,71,215,31,63,37,22.327768,0.163,9.957
Cyanobacteria,Nodularia spumigena,285,74,215,29,67,39,22.686139,1.17,10.537
Cyanobacteria,Nodularia spumigena,0,0,0,0,0,0,23.041093,1.238,10.856
Cyanobacteria,Nodularia spumigena,0,0,0,0,0,0,21.928584,0.349,9.709
Cyanobacteria,Nodularia spumigena,0,0,0,0,0,0,22.354928,0.863,10.257
Cyanobacteria,Nodularia spumigena,286,72,217,27,65,38,22.36351,0.86,10.26
Cyanobacteria,Nodularia spumigena,286,72,217,27,64,38,22.36351,0.86,10.26
Cyanobacteria,Nodularia spumigena,286,72,218,28,105,38,22.359879,0.849,10.242
Cyanobacteria,Nodularia spumigena,288,71,217,28,104,37,22.359879,0.849,10.242
Cyanobacteria,Nodularia spumigena,283,112,192,25,102,36,22.307761,0.801,10.144
Cyanobacteria,Nodularia spumigena,0,0,0,0,0,0,22.293194,0.772,10.13
Cyanobacteria,Nodularia spumigena,278,112,213,23,102,178,22.304784,0.775,10.139
Cyanobacteria,Nodularia spumigena,285,72,214,28,64,36,22.405044,0.797,10.251
Cyanobacteria,Nodularia spumigena,288,70,216,28,62,35,22.362362,0.877,10.241
Cyanobacteria,Nodularia spumigena,0,0,0,0,0,0,22.889449,1.623,11.505
Cyanobacteria,Nodularia spumigena,0,0,0,0,0,0,22.106123,1.617,11.482
Cyanobacteria,Nodularia spumigena,0,0,0,0,0,0,22.718746,1.26,11.801
Cyanobacteria,Nodularia spumigena,261,79,201,34,71,39,21.844349,1.189,11.619
Cyanobacteria,Nodularia spumigena,292,70,214,32,63,36,22.371431,0.401,10.06
Cyanobacteria,Nodularia spumigena,256,125,211,21,77,198,22.895033,1.299,10.779
Cyanobacteria,Nodularia spumigena,290,70,214,30,63,36,22.457991,0.635,10.192
Cyanobacteria,Nodularia spumigena,263,78,199,34,70,37,21.94205,1.131,11.654
Cyanobacteria,Nodularia spumigena,343,32,178,41,128,53,21.063178,-1.088,8.769
Cyanobacteria,Nodularia spumigena,292,70,213,31,62,35,22.457455,0.354,10.087
Cyanobacteria,Nodularia spumigena,0,0,0,0,0,0,22.718746,1.26,11.801
Cyanobacteria,Nodularia spumigena,267,87,205,28,115,44,22.712586,1.256,11.798
Cyanobacteria,Nodularia spumigena,287,73,214,29,66,39,22.675309,1.162,10.534
Cyanobacteria,Nodularia spumigena,303,99,31,31,142,20,21.717793,-0.779,9.14
Cyanobacteria,Nodularia spumigena,0,0,0,0,0,0,22.354928,0.863,10.257
Cyanobacteria,Nodularia spumigena,286,72,217,27,65,38,22.36351,0.86,10.26
Cyanobacteria,Nodularia spumigena,286,72,217,27,64,38,22.36351,0.86,10.26
Cyanobacteria,Nodularia spumigena,286,72,218,28,105,38,22.359879,0.849,10.242
Cyanobacteria,Nodularia spumigena,288,71,217,28,104,37,22.359879,0.849,10.242
Cyanobacteria,Nodularia spumigena,330,92,24,40,135,12,21.533062,-0.693,8.961
Cyanobacteria,Nodularia spumigena,250,86,206,26,116,51,22.120022,0.928,11.454
Cyanobacteria,Nodularia spumigena,251,86,207,27,116,50,22.196947,0.759,11.468
Cyanobacteria,Nodularia spumigena,0,0,0,0,0,0,22.050349,1.248,11.431
Cyanobacteria,Nodularia spumigena,269,81,201,33,113,38,22.169874,1.115,11.741
Cyanobacteria,Nodularia spumigena,263,78,201,33,70,38,21.840769,1.16,11.603
Cyanobacteria,Nodularia spumigena,260,80,202,33,72,39,21.880704,1.29,11.675
Cyanobacteria,Nodularia spumigena,271,78,200,35,111,37,22.207718,1.095,11.732
Cyanobacteria,Nodularia spumigena,300,68,215,33,61,36,22.187051,-0.052,9.81
Cyanobacteria,Nodularia spumigena,281,116,217,25,106,38,22.338783,0.862,10.25
Cyanobacteria,Nodularia spumigena,321,98,28,36,139,17,21.784183,-0.78,9.055
Cyanobacteria,Nodularia spumigena,269,78,203,34,70,40,21.88101,1.077,11.539
Cyanobacteria,Nodularia spumigena,0,0,0,0,0,0,22.043683,1.083,11.667
Cyanobacteria,Nodularia spumigena,343,32,178,41,128,53,21.063178,-1.088,8.769
Cyanobacteria,Nodularia spumigena,271,78,200,35,111,37,22.207718,1.095,11.732
Cyanobacteria,Nodularia spumigena,286,73,217,27,65,38,22.385708,0.857,10.274
Cyanobacteria,Nodularia spumigena,0,0,0,0,0,0,21.162382,-1.691,8.502
Cyanobacteria,Nodularia spumigena,267,87,205,28,115,44,22.712586,1.256,11.798
Cyanobacteria,Nodularia spumigena,251,86,207,27,116,50,22.196947,0.759,11.468
Cyanobacteria,Nodularia spumigena,250,86,206,26,116,51,22.120022,0.928,11.454
Cyanobacteria,Nodularia spumigena,245,87,206,25,117,52,22.049168,1.431,11.456
Cyanobacteria,Nodularia spumigena,0,0,0,0,0,0,22.604915,1.449,11.138
Cyanobacteria,Nodularia spumigena,286,73,217,27,65,38,22.385708,0.857,10.274
Cyanobacteria,Nodularia spumigena,0,0,0,0,0,0,21.692334,-0.659,9.197
Cyanobacteria,Nodularia spumigena,285,112,193,27,102,36,22.268392,0.724,10.096
Cyanobacteria,Nodularia spumigena,288,71,215,29,64,36,22.446103,0.786,10.262
Cyanobacteria,Nodularia spumigena,285,73,217,27,65,38,22.344172,0.812,10.224
Cyanobacteria,Nodularia spumigena,0,0,0,0,0,0,22.718746,1.26,11.801
Cyanobacteria,Nodularia spumigena,0,0,0,0,0,0,22.050349,1.248,11.431
Cyanobacteria,Nodularia spumigena,0,0,0,0,0,0,22.106123,1.617,11.482
Cyanobacteria,Nodularia spumigena,0,0,0,0,0,0,22.889449,1.623,11.505
Cyanobacteria,Nodularia spumigena,345,30,178,40,127,52,21.098072,-1.231,8.754
Cyanobacteria,Nodularia spumigena,349,28,130,40,126,52,21.188806,-1.505,8.743
Cyanobacteria,Nodularia spumigena,296,100,181,27,89,23,21.672715,-0.711,9.154
Cyanobacteria,Nodularia spumigena,0,0,0,0,0,0,21.162382,-1.691,8.502
Cyanobacteria,Nodularia spumigena,251,86,207,27,116,50,22.196947,0.759,11.468
Cyanobacteria,Nodularia spumigena,0,0,0,0,0,0,20.903499,-1.695,8.198
Cyanobacteria,Nodularia spumigena,0,0,0,0,0,0,21.031334,-1.688,8.349
Cyanobacteria,Nodularia spumigena,321,98,28,36,139,17,21.784183,-0.78,9.055
Cyanobacteria,Nodularia spumigena,326,95,27,39,137,15,21.72045,-0.81,8.991
Cyanobacteria,Nodularia spumigena,322,97,28,37,139,16,21.78823,-0.796,9.02
Cyanobacteria,Nodularia spumigena,0,0,0,0,0,0,21.19894,-1.704,8.55
Cyanobacteria,Nodularia spumigena,284,109,188,24,99,177,22.089178,0.555,9.914
Cyanobacteria,Nodularia spumigena,283,110,190,27,100,34,22.255267,0.704,10.082
Cyanobacteria,Nodularia spumigena,343,32,178,41,128,53,21.063178,-1.088,8.769
Cyanobacteria,Nodularia spumigena,285,111,192,27,101,35,22.141919,0.622,9.966
Cyanobacteria,Nodularia spumigena,0,0,0,0,0,0,22.117817,0.588,9.934
Cyanobacteria,Nodularia spumigena,343,32,178,41,128,53,21.063178,-1.088,8.769
Cyanobacteria,Nodularia spumigena,347,28,177,41,126,51,21.143338,-1.351,8.754
Cyanobacteria,Nodularia spumigena,352,26,7,40,125,52,21.155415,-1.548,8.702
Cyanobacteria,Nodularia spumigena,352,26,7,40,125,52,21.155415,-1.548,8.702
Cyanobacteria,Nodularia spumigena,344,28,175,42,125,50,21.063178,-1.088,8.769
Cyanobacteria,Nodularia spumigena,351,26,7,41,125,51,21.161994,-1.509,8.724
Cyanobacteria,Nodularia spumigena,0,0,0,0,0,0,21.162382,-1.691,8.502
Cyanobacteria,Nodularia spumigena,285,112,193,27,102,36,22.268392,0.724,10.096
Cyanobacteria,Nodularia spumigena,309,97,213,35,87,135,22.406395,-0.593,9.577
Cyanobacteria,Nodularia spumigena,346,27,176,42,125,50,21.098072,-1.231,8.754
Cyanobacteria,Nodularia spumigena,347,29,9,41,127,53,21.125131,-1.418,8.715
Cyanobacteria,Nodularia spumigena,346,29,179,41,127,53,21.143338,-1.351,8.754
Cyanobacteria,Nodularia spumigena,284,111,191,27,101,35,22.255267,0.704,10.082
Cyanobacteria,Nodularia spumigena,0,0,0,0,0,0,21.19894,-1.704,8.55
Cyanobacteria,Nodularia spumigena,345,28,176,42,125,50,21.074713,-1.206,8.746
Cyanobacteria,Nodularia spumigena,345,31,180,40,128,54,21.17017,-1.286,8.792
Cyanobacteria,Nodularia spumigena,347,28,177,41,126,51,21.143338,-1.351,8.754
Cyanobacteria,Nodularia spumigena,346,30,179,41,127,53,21.128335,-1.33,8.753
Cyanobacteria,Nodularia spumigena,346,26,175,42,124,49,21.074713,-1.206,8.746
Cyanobacteria,Nodularia spumigena,346,30,179,41,128,53,21.143338,-1.351,8.754
Cyanobacteria,Nodularia spumigena,346,27,176,42,125,50,21.098072,-1.231,8.754
Cyanobacteria,Nodularia spumigena,293,71,214,32,63,36,22.354192,0.337,10.029
Cyanobacteria,Nodularia spumigena,263,78,199,34,70,37,21.94205,1.131,11.654
Cyanobacteria,Nodularia spumigena,0,0,0,0,0,0,21.162382,-1.691,8.502
Cyanobacteria,Nodularia spumigena,286,118,215,27,108,40,22.736816,1.295,10.61
Cyanobacteria,Nodularia spumigena,345,30,179,41,127,53,21.128335,-1.33,8.753
Cyanobacteria,Nodularia spumigena,347,29,130,40,127,53,21.152802,-1.457,8.723
Cyanobacteria,Nodularia spumigena,348,27,7,41,125,51,21.096697,-1.455,8.669
Cyanobacteria,Nodularia spumigena,349,21,1,42,120,46,21.149787,-1.488,8.719
Cyanobacteria,Nodularia spumigena,290,72,215,31,65,38,22.488767,0.682,10.226
Cyanobacteria,Nodularia spumigena,0,0,0,0,0,0,21.833753,1.13,11.562
Cyanobacteria,Nodularia spumigena,284,118,214,27,68,40,22.752221,1.302,10.616
Cyanobacteria,Nodularia spumigena,0,0,0,0,0,0,21.19894,-1.704,8.55
Cyanobacteria,Nodularia spumigena,343,32,178,41,128,53,21.063178,-1.088,8.769
Cyanobacteria,Nodularia spumigena,267,87,205,28,115,44,22.712586,1.256,11.798
Cyanobacteria,Nodularia spumigena,293,71,215,31,63,37,22.380082,0.301,10.032
Cyanobacteria,Nodularia spumigena,0,0,0,0,0,0,21.162382,-1.691,8.502
Cyanobacteria,Nodularia spumigena,286,73,217,27,65,38,22.385708,0.857,10.274
Cyanobacteria,Nodularia spumigena,343,32,178,41,128,53,21.063178,-1.088,8.769
Cyanobacteria,Nodularia spumigena,359,12,117,34,116,40,20.284343,-1.562,7.589
Cyanobacteria,Nodularia spumigena,343,32,178,41,128,53,21.063178,-1.088,8.769
Cyanobacteria,Nodularia spumigena,348,28,8,41,126,53,21.152802,-1.457,8.723
Cyanobacteria,Nodularia spumigena,0,0,0,0,0,0,21.162382,-1.691,8.502
Cyanobacteria,Nodularia spumigena,0,0,0,0,0,0,21.162382,-1.691,8.502
Cyanobacteria,Nodularia spumigena,0,0,0,0,0,0,21.162382,-1.691,8.502
Cyanobacteria,Nodularia spumigena,263,79,206,34,71,16,22.090072,1.594,11.645
Cyanobacteria,Nodularia spumigena,0,0,0,0,0,0,22.674581,1.766,11.316
Cyanobacteria,Nodularia spumigena,0,0,0,0,0,0,23.041093,1.238,10.856
Cyanobacteria,Nodularia spumigena,256,125,211,21,77,198,22.895033,1.299,10.779
Cyanobacteria,Nodularia spumigena,257,120,210,22,72,196,22.881862,1.091,10.756
Cyanobacteria,Nodularia spumigena,260,119,210,24,70,174,23.074964,1.157,10.827
Cyanobacteria,Nodularia spumigena,285,103,184,24,93,173,21.929478,0.288,9.683
Cyanobacteria,Nodularia spumigena,343,32,178,41,128,53,21.063178,-1.088,8.769
Cyanobacteria,Nodularia spumigena,0,0,0,0,0,0,21.162382,-1.691,8.502
Cyanobacteria,Nodularia spumigena,343,32,178,41,128,53,21.063178,-1.088,8.769
Cyanobacteria,Nodularia spumigena,345,29,176,42,126,51,21.055549,-1.249,8.723
Cyanobacteria,Nodularia spumigena,345,30,178,40,127,52,21.098072,-1.231,8.754
Cyanobacteria,Nodularia spumigena,269,81,201,33,113,38,22.169874,1.115,11.741
Cyanobacteria,Nodularia spumigena,260,80,202,33,72,39,21.880704,1.29,11.675
Cyanobacteria,Nodularia spumigena,263,78,199,34,70,37,21.94205,1.131,11.654
Cyanobacteria,Nodularia spumigena,0,0,0,0,0,0,22.604915,1.449,11.138
Cyanobacteria,Nodularia spumigena,283,115,217,26,105,38,22.33534,0.848,10.23
Cyanobacteria,Nodularia spumigena,281,116,217,25,106,39,22.338783,0.862,10.25
Cyanobacteria,Nodularia spumigena,289,71,214,30,63,36,22.468529,0.658,10.197
Cyanobacteria,Nodularia spumigena,0,0,0,0,0,0,21.692334,-0.659,9.197
Cyanobacteria,Nodularia spumigena,261,79,201,34,71,39,21.844349,1.189,11.619
Cyanobacteria,Nodularia spumigena,0,0,0,0,0,0,21.162382,-1.691,8.502
Cyanobacteria,Nodularia spumigena,0,0,0,0,0,0,22.385708,0.857,10.274
Cyanobacteria,Nodularia spumigena,343,32,178,41,128,53,21.063178,-1.088,8.769
Cyanobacteria,Nodularia spumigena,0,0,0,0,0,0,21.264989,-0.924,8.873
Cyanobacteria,Nodularia spumigena,353,-16,127,31,64,113,20.924215,-1.691,8.239
Cyanobacteria,Nodularia spumigena,0,0,0,0,0,0,21.162382,-1.691,8.502
Cyanobacteria,Nodularia spumigena,343,32,178,41,128,53,21.063178,-1.088,8.769
Cyanobacteria,Nodularia spumigena,343,32,178,41,128,53,21.063178,-1.088,8.769
Cyanobacteria,Nodularia spumigena,269,81,201,33,113,38,22.169874,1.115,11.741
Cyanobacteria,Nodularia spumigena,0,0,0,0,0,0,21.19894,-1.704,8.55
Cyanobacteria,Nodularia spumigena,0,0,0,0,0,0,21.833753,1.13,11.562
Cyanobacteria,Nodularia spumigena,271,88,205,28,116,43,22.724516,1.247,11.824
Cyanobacteria,Nodularia spumigena,0,0,0,0,0,0,22.067785,1.496,11.475
Cyanobacteria,Nodularia spumigena,249,89,209,25,118,54,22.154212,1.018,11.498
Cyanobacteria,Nodularia spumigena,0,0,0,0,0,0,21.162382,-1.691,8.502
Cyanobacteria,Nodularia spumigena,0,0,0,0,0,0,21.162382,-1.691,8.502
Cyanobacteria,Nodularia spumigena,0,0,0,0,0,0,21.19894,-1.704,8.55
Cyanobacteria,Nodularia spumigena,0,0,0,0,0,0,22.099704,1.405,11.586
Cyanobacteria,Nodularia spumigena,246,93,202,23,122,52,22.546555,0.692,11.887
Cyanobacteria,Nodularia spumigena,0,0,0,0,0,0,22.120022,0.928,11.454
Cyanobacteria,Nodularia spumigena,0,0,0,0,0,0,22.786519,1.22,11.837
Cyanobacteria,Nodularia spumigena,0,0,0,0,0,0,22.047956,1.211,11.431
Cyanobacteria,Nodularia spumigena,229,90,201,23,121,44,22.787902,2.053,11.507
Cyanobacteria,Nodularia spumigena,269,152,204,20,142,56,23.810379,0.9,11.991
Cyanobacteria,Nodularia spumigena,249,86,206,26,116,51,22.050349,1.248,11.431
Cyanobacteria,Nodularia spumigena,249,86,206,26,116,51,22.050349,1.248,11.431
Cyanobacteria,Aphanizomenon flos-aquae,286,118,215,26,108,40,22.729658,1.327,10.596
Cyanobacteria,Aphanizomenon flos-aquae,308,101,209,30,91,132,22.396486,-0.066,9.83
Cyanobacteria,Aphanizomenon flos-aquae,311,99,138,32,141,19,21.782986,-0.816,9.152
Cyanobacteria,Aphanizomenon flos-aquae,0,0,0,0,0,0,22.642147,1.065,10.571
Cyanobacteria,Aphanizomenon flos-aquae,274,82,206,35,74,41,22.340724,1.133,11.769
Cyanobacteria,Aphanizomenon flos-aquae,281,109,188,24,99,176,22.161362,0.626,9.994
Cyanobacteria,Anabaena,226,92,105,71,81,56,16.87147,4.038,9.41
Cyanobacteria,Anabaena,358,9,110,33,112,-57,21.102595,-1.514,7.391
Cyanobacteria,Anabaena,281,108,186,23,98,175,22.148142,0.597,9.984
Cyanobacteria,Anabaena,0,0,0,0,0,0,21.865059,0.106,11.099
Cyanobacteria,Anabaena,281,108,187,24,98,176,22.161362,0.626,9.994
Cyanobacteria,Anabaena,343,32,178,41,128,53,21.063178,-1.088,8.769
Cyanobacteria,Anabaena,0,0,0,0,0,0,21.19894,-1.704,8.55
Cyanobacteria,Anabaena,343,32,178,41,128,53,21.063178,-1.088,8.769
Cyanobacteria,Anabaena,0,0,0,0,0,0,21.19894,-1.704,8.55
Cyanobacteria,Anabaena,358,11,113,33,114,-55,21.100821,-1.515,7.427
Cyanobacteria,Anabaena,286,102,182,24,92,171,21.886783,0.263,9.626
Cyanobacteria,Anabaena,358,10,111,33,113,-56,21.102595,-1.514,7.391
Cyanobacteria,Anabaena,343,32,178,41,128,53,21.063178,-1.088,8.769
Cyanobacteria,Anabaena,343,32,178,41,128,53,21.063178,-1.088,8.769
Cyanobacteria,Anabaena,358,11,113,33,114,-55,21.100821,-1.515,7.427
Cyanobacteria,Anabaena,351,26,7,41,125,51,21.161994,-1.509,8.724
Cyanobacteria,Anabaena,351,26,7,41,125,51,21.161994,-1.509,8.724
Cyanobacteria,Anabaena,350,25,6,41,124,51,21.173343,-1.556,8.716
Cyanobacteria,Anabaena,351,26,7,41,125,51,21.161994,-1.509,8.724
Cyanobacteria,Anabaena,352,26,7,40,125,52,21.155415,-1.548,8.702
Cyanobacteria,Anabaena,352,26,7,40,125,52,21.155415,-1.548,8.702
Cyanobacteria,Anabaena,340,30,175,43,126,51,20.965297,-0.996,8.723
Cyanobacteria,Anabaena,339,34,177,42,129,54,20.937049,-0.989,8.705
Cyanobacteria,Anabaena,338,33,176,42,128,53,20.889756,-1.01,8.67
Cyanobacteria,Anabaena,338,33,175,42,128,53,20.889756,-1.01,8.67
Cyanobacteria,Anabaena,344,30,177,42,127,52,21.063178,-1.088,8.769
Cyanobacteria,Anabaena,282,111,190,25,101,35,22.252722,0.713,10.087
Cyanobacteria,Anabaena,343,32,178,41,128,53,21.063178,-1.088,8.769
Cyanobacteria,Anabaena,358,10,111,33,113,-56,21.102595,-1.514,7.391
Cyanobacteria,Anabaena,358,11,113,33,114,-55,21.100821,-1.515,7.427
Cyanobacteria,Anabaena,351,24,5,41,123,50,21.161994,-1.509,8.724
Cyanobacteria,Anabaena,352,26,7,40,125,52,21.155415,-1.548,8.702
Cyanobacteria,Anabaena,352,26,7,40,125,52,21.155415,-1.548,8.702
Cyanobacteria,Anabaena,340,30,175,43,126,51,20.965297,-0.996,8.723
Cyanobacteria,Anabaena,338,33,175,42,128,53,20.889756,-1.01,8.67
Cyanobacteria,Anabaena,344,30,177,42,127,52,21.063178,-1.088,8.769
Cyanobacteria,Anabaena,347,28,177,41,126,51,21.143338,-1.351,8.754
Cyanobacteria,Anabaena,346,30,179,41,127,53,21.128335,-1.33,8.753
Cyanobacteria,Anabaena,286,100,180,23,90,169,21.86741,0.256,9.613
Cyanobacteria,Anabaena,287,101,181,24,91,170,21.802457,0.108,9.495
Cyanobacteria,Anabaena,343,32,178,41,128,53,21.063178,-1.088,8.769
Cyanobacteria,Anabaena,358,11,113,33,114,-55,21.100821,-1.515,7.427
Cyanobacteria,Anabaena,0,0,0,0,0,0,21.19894,-1.704,8.55
Cyanobacteria,Anabaena,345,30,178,40,127,52,21.098072,-1.231,8.754
Cyanobacteria,Anabaena,358,11,113,33,114,-55,21.100821,-1.515,7.427
Cyanobacteria,Anabaena,350,25,6,41,124,51,21.173343,-1.556,8.716
Cyanobacteria,Anabaena,351,24,5,41,123,50,21.161994,-1.509,8.724
Cyanobacteria,Anabaena,338,79,10,44,123,51,20.760622,-1.011,8.601
Cyanobacteria,Anabaena,352,25,6,40,124,50,21.155415,-1.548,8.702
Cyanobacteria,Anabaena,347,29,9,41,127,53,21.125131,-1.418,8.715
Cyanobacteria,Anabaena,338,34,176,42,129,54,20.937049,-0.989,8.705
Cyanobacteria,Anabaena,344,30,177,42,127,52,21.063178,-1.088,8.769
Cyanobacteria,Anabaena,351,24,5,41,123,50,21.161994,-1.509,8.724
Cyanobacteria,Anabaena,351,24,5,41,123,50,21.161994,-1.509,8.724
Cyanobacteria,Anabaena,338,81,126,43,125,-1,20.760622,-1.011,8.601
Cyanobacteria,Anabaena,352,26,7,40,125,52,21.155415,-1.548,8.702
Cyanobacteria,Anabaena,347,29,9,41,126,53,21.096697,-1.455,8.669
Cyanobacteria,Anabaena,338,34,176,42,129,54,20.937049,-0.989,8.705
Cyanobacteria,Anabaena,338,33,175,42,128,53,20.889756,-1.01,8.67
Cyanobacteria,Anabaena,344,30,177,42,127,52,21.063178,-1.088,8.769
Cyanobacteria,Anabaena,263,122,198,22,112,46,21.79136,1.171,11.685
Cyanobacteria,Anabaena,343,32,178,41,128,53,21.063178,-1.088,8.769
Cyanobacteria,Anabaena,358,9,110,33,112,-57,21.102595,-1.514,7.391
Cyanobacteria,Anabaena,358,11,113,33,114,-55,21.100821,-1.515,7.427
Cyanobacteria,Anabaena,345,30,179,41,127,53,21.128335,-1.33,8.753
Cyanobacteria,Anabaena,349,22,3,42,121,47,21.149787,-1.488,8.719
Cyanobacteria,Anabaena,287,100,181,23,90,169,21.816327,0.175,9.526
Cyanobacteria,Anabaena,350,25,6,41,124,51,21.173343,-1.556,8.716
Cyanobacteria,Anabaena,351,26,7,41,125,51,21.161994,-1.509,8.724
Cyanobacteria,Anabaena,338,79,10,44,123,51,20.760622,-1.011,8.601
Cyanobacteria,Anabaena,352,26,7,40,125,52,21.155415,-1.548,8.702
Cyanobacteria,Anabaena,339,34,177,42,129,54,20.937049,-0.989,8.705
Cyanobacteria,Anabaena,338,33,175,42,128,53,20.889756,-1.01,8.67
Cyanobacteria,Anabaena,344,30,177,42,127,52,21.063178,-1.088,8.769
Cyanobacteria,Anabaena,0,0,0,0,0,0,21.162382,-1.691,8.502
Cyanobacteria,Anabaena,358,10,111,33,113,-56,21.102595,-1.514,7.391
Cyanobacteria,Anabaena,343,32,178,41,128,53,21.063178,-1.088,8.769
Cyanobacteria,Anabaena,343,32,178,41,128,53,21.063178,-1.088,8.769
Cyanobacteria,Anabaena,358,11,113,33,114,-55,21.100821,-1.515,7.427
Cyanobacteria,Anabaena,300,101,183,29,142,23,21.695449,-0.754,9.155
Cyanobacteria,Anabaena,0,0,0,0,0,0,21.162382,-1.691,8.502
Cyanobacteria,Anabaena,298,100,182,28,143,23,21.650798,-0.708,9.134
Cyanobacteria,Anabaena,358,9,110,33,112,-57,21.102595,-1.514,7.391
Cyanobacteria,Anabaena,345,30,179,41,127,53,21.128335,-1.33,8.753
Cyanobacteria,Anabaena,293,71,214,32,63,36,22.354192,0.337,10.029
Cyanobacteria,Anabaena,358,11,113,33,114,-55,21.100821,-1.515,7.427
Cyanobacteria,Anabaena,300,67,214,33,59,35,22.09341,-0.275,9.678
Cyanobacteria,Anabaena,353,-16,128,34,123,51,21.137898,-1.688,8.45
Cyanobacteria,Anabaena,353,-16,128,34,123,51,21.137898,-1.688,8.45
Cyanobacteria,Anabaena,359,10,112,33,114,-56,21.043179,-1.513,7.473
Cyanobacteria,Anabaena,359,10,112,33,114,-56,21.043179,-1.513,7.473
Cyanobacteria,Anabaena,359,12,113,33,115,-55,20.920196,-1.509,7.509
Cyanobacteria,Anabaena,351,-16,127,30,64,113,20.91981,-1.687,8.226
Cyanobacteria,Anabaena,351,-16,127,30,64,113,20.91981,-1.687,8.226
Cyanobacteria,Anabaena,358,13,118,34,117,41,20.256675,-1.556,7.556
Cyanobacteria,Anabaena,351,22,125,29,63,112,20.753887,-1.682,8.054
Cyanobacteria,Anabaena,351,-15,126,29,64,113,20.825573,-1.685,8.103
Cyanobacteria,Anabaena,360,13,114,32,116,-54,20.767914,-1.503,7.5
Cyanobacteria,Anabaena,360,13,115,32,116,-54,20.821394,-1.503,7.534
Cyanobacteria,Anabaena,359,10,112,33,114,-56,21.043179,-1.513,7.473
Cyanobacteria,Anabaena,352,-15,127,31,64,113,20.924215,-1.691,8.239
Cyanobacteria,Anabaena,352,-15,127,31,64,113,20.924215,-1.691,8.239
Cyanobacteria,Anabaena,358,11,113,33,114,-55,21.100821,-1.515,7.427
Cyanobacteria,Anabaena,358,10,111,33,113,-56,21.102595,-1.514,7.391
Cyanobacteria,Anabaena,359,10,112,33,114,-56,21.043179,-1.513,7.473
Cyanobacteria,Anabaena,359,11,112,33,114,-56,20.852887,-1.508,7.475
Cyanobacteria,Anabaena,351,-16,127,30,64,113,20.91981,-1.687,8.226
Cyanobacteria,Anabaena,351,22,125,29,63,112,20.753887,-1.682,8.054
Cyanobacteria,Anabaena,359,11,112,33,114,-56,20.999754,-1.512,7.47
Cyanobacteria,Anabaena,352,-15,127,31,64,113,20.924215,-1.691,8.239
Cyanobacteria,Anabaena,0,0,0,0,0,0,21.19894,-1.704,8.55
Cyanobacteria,Anabaena,358,11,113,33,114,-55,21.100821,-1.515,7.427
Cyanobacteria,Anabaena,358,11,113,33,114,-55,21.100821,-1.515,7.427
Cyanobacteria,Anabaena,0,0,0,0,0,0,21.162382,-1.691,8.502
Cyanobacteria,Anabaena,267,77,201,34,69,39,22.01425,1.089,11.627
Cyanobacteria,Anabaena,0,0,0,0,0,0,21.162382,-1.691,8.502
Cyanobacteria,Anabaena,358,11,113,33,114,-55,21.100821,-1.515,7.427
Cyanobacteria,Anabaena,352,26,7,38,124,52,21.223748,-1.611,8.72
Cyanobacteria,Anabaena,351,26,7,39,125,51,21.216591,-1.605,8.722
Cyanobacteria,Anabaena,352,26,7,38,124,52,21.223748,-1.611,8.72
Cyanobacteria,Anabaena,352,26,7,38,124,52,21.223748,-1.611,8.72
Cyanobacteria,Anabaena,351,26,7,39,125,51,21.216591,-1.605,8.722
Cyanobacteria,Anabaena,351,26,7,39,125,51,21.216591,-1.605,8.722
Cyanobacteria,Anabaena,358,10,111,33,113,-56,21.102595,-1.514,7.391
Cyanobacteria,Anabaena,299,69,215,33,61,36,22.09341,-0.275,9.678
Cyanobacteria,Anabaena,0,0,0,0,0,0,22.749328,1.237,11.772
Cyanobacteria,Anabaena,358,10,111,33,113,-57,21.074643,-1.514,7.421
Cyanobacteria,Anabaena,358,11,112,33,114,-56,21.074643,-1.514,7.421
Cyanobacteria,Anabaena,358,11,112,33,114,-56,21.074643,-1.514,7.421
Cyanobacteria,Anabaena,358,11,112,33,114,-56,21.074643,-1.514,7.421
Cyanobacteria,Anabaena,358,11,112,33,114,-56,21.074643,-1.514,7.421
Cyanobacteria,Anabaena,359,10,112,33,114,-56,21.043179,-1.513,7.473
Cyanobacteria,Anabaena,358,13,118,34,117,41,20.256675,-1.556,7.556
Cyanobacteria,Anabaena,359,10,112,33,114,-56,21.043179,-1.513,7.473
Cyanobacteria,Anabaena,358,13,118,34,117,41,20.256675,-1.556,7.556
Cyanobacteria,Anabaena,359,11,111,34,114,-57,21.056688,-1.513,7.419
Cyanobacteria,Anabaena,359,10,112,33,114,-56,21.043179,-1.513,7.473
Cyanobacteria,Anabaena,361,11,115,33,115,-55,20.500672,-1.521,7.499
Cyanobacteria,Anabaena,358,13,119,34,118,41,20.284343,-1.562,7.589
Cyanobacteria,Anabaena,352,-15,127,31,64,113,20.924215,-1.691,8.239
Cyanobacteria,Anabaena,351,-16,126,32,64,50,20.93471,-1.69,8.251
Cyanobacteria,Anabaena,351,-16,126,32,64,50,20.93471,-1.69,8.251
Cyanobacteria,Anabaena,353,-16,127,31,64,113,20.924215,-1.691,8.239
Cyanobacteria,Anabaena,353,-16,128,34,123,51,21.137898,-1.688,8.45
Cyanobacteria,Anabaena,352,-15,127,31,64,113,20.924215,-1.691,8.239
Cyanobacteria,Anabaena,352,-15,127,31,64,113,20.924215,-1.691,8.239
Cyanobacteria,Anabaena,352,-15,127,31,64,113,20.924215,-1.691,8.239
Cyanobacteria,Anabaena,352,-15,127,31,64,113,20.924215,-1.691,8.239
Cyanobacteria,Anabaena,351,-15,127,32,64,51,21.031334,-1.688,8.349
Cyanobacteria,Anabaena,351,-15,127,32,64,51,21.031334,-1.688,8.349
Cyanobacteria,Anabaena,351,-15,127,32,64,51,21.031334,-1.688,8.349
Cyanobacteria,Anabaena,277,83,208,35,75,42,22.511193,1.123,11.798
Cyanobacteria,Anabaena,279,83,207,34,75,41,22.511193,1.123,11.798
Cyanobacteria,Anabaena,271,78,200,35,111,37,22.207718,1.095,11.732
Cyanobacteria,Anabaena,0,0,0,0,0,0,22.323424,1.106,11.766
Cyanobacteria,Anabaena,362,12,115,33,116,-54,20.597783,-1.51,7.481
Cyanobacteria,Anabaena,361,12,116,33,115,-54,20.531547,-1.515,7.518
Cyanobacteria,Anabaena,361,12,116,33,115,-54,20.531547,-1.515,7.518
Cyanobacteria,Anabaena,361,12,115,33,115,-55,20.530972,-1.517,7.448
Cyanobacteria,Anabaena,359,13,115,33,115,-54,20.530972,-1.517,7.448
Cyanobacteria,Anabaena,357,12,117,34,116,39,20.286406,-1.562,7.59
Cyanobacteria,Anabaena,360,12,115,33,115,-55,20.530972,-1.517,7.448
Cyanobacteria,Anabaena,360,12,115,33,115,-55,20.530972,-1.517,7.448
Cyanobacteria,Anabaena,362,12,115,33,116,-54,20.597783,-1.51,7.481
Cyanobacteria,Anabaena,360,12,116,33,116,-54,20.531547,-1.515,7.518
Cyanobacteria,Anabaena,360,12,116,33,116,-54,20.531547,-1.515,7.518
Cyanobacteria,Anabaena,361,12,115,33,115,-55,20.530972,-1.517,7.448
Cyanobacteria,Anabaena,361,11,115,33,115,-55,20.530972,-1.517,7.448
Cyanobacteria,Anabaena,361,11,115,33,115,-54,20.515642,-1.518,7.508
Cyanobacteria,Anabaena,362,12,115,33,115,-55,20.494988,-1.52,7.423
Cyanobacteria,Anabaena,362,12,115,33,115,-55,20.494988,-1.52,7.423
Cyanobacteria,Anabaena,362,12,115,33,115,-55,20.494988,-1.52,7.423
Cyanobacteria,Anabaena,360,12,115,33,115,-55,20.530972,-1.517,7.448
Cyanobacteria,Anabaena,353,-17,126,31,63,112,20.847662,-1.694,8.155
Cyanobacteria,Anabaena,358,11,113,33,114,-55,21.100821,-1.515,7.427
Cyanobacteria,Anabaena,339,81,126,44,125,54,21.245785,-0.946,8.856
Cyanobacteria,Anabaena,358,10,111,33,113,-57,21.074643,-1.514,7.421
Cyanobacteria,Anabaena,358,10,111,33,113,-57,21.074643,-1.514,7.421
Cyanobacteria,Anabaena,359,11,112,33,114,-56,20.999754,-1.512,7.47
Cyanobacteria,Anabaena,358,13,119,34,118,41,20.284343,-1.562,7.589
Cyanobacteria,Anabaena,361,12,-8,32,115,-56,20.474521,-1.524,7.415
Cyanobacteria,Anabaena,359,11,112,33,114,-56,20.999754,-1.512,7.47
Cyanobacteria,Anabaena,358,13,118,34,117,41,20.256675,-1.556,7.556
Cyanobacteria,Anabaena,359,10,112,33,114,-56,21.043179,-1.513,7.473
Cyanobacteria,Anabaena,352,-15,127,31,64,113,20.924215,-1.691,8.239
Cyanobacteria,Anabaena,353,-16,127,31,64,113,20.924215,-1.691,8.239
Cyanobacteria,Anabaena,353,-16,128,34,123,51,21.137898,-1.688,8.45
Cyanobacteria,Anabaena,352,-15,127,31,64,113,20.924215,-1.691,8.239
Cyanobacteria,Anabaena,352,-15,127,31,64,113,20.924215,-1.691,8.239
Cyanobacteria,Anabaena,353,-16,127,31,64,113,20.924215,-1.691,8.239
Cyanobacteria,Anabaena,362,12,115,33,116,-54,20.597783,-1.51,7.481
Cyanobacteria,Anabaena,361,12,115,33,116,-55,20.597783,-1.51,7.481
Cyanobacteria,Anabaena,362,12,115,33,116,-54,20.597783,-1.51,7.481
Cyanobacteria,Anabaena,360,12,116,33,116,-54,20.531547,-1.515,7.518
Cyanobacteria,Anabaena,361,13,117,33,116,-53,20.548667,-1.51,7.531
Cyanobacteria,Anabaena,361,11,115,33,115,-55,20.530972,-1.517,7.448
Cyanobacteria,Anabaena,361,12,115,33,115,-55,20.530972,-1.517,7.448
Cyanobacteria,Anabaena,361,11,115,33,115,-54,20.515642,-1.518,7.508
Cyanobacteria,Anabaena,359,13,115,33,115,-54,20.530972,-1.517,7.448
Cyanobacteria,Anabaena,362,12,115,33,115,-55,20.494988,-1.52,7.423
Cyanobacteria,Anabaena,362,12,115,33,115,-55,20.494988,-1.52,7.423
Cyanobacteria,Anabaena,0,0,0,0,0,0,17.362828,3.921,9.518
Cyanobacteria,Anabaena,358,11,113,33,114,-55,21.100821,-1.515,7.427
Cyanobacteria,Anabaena,358,11,113,33,114,-55,21.100821,-1.515,7.427
Cyanobacteria,Anabaena,361,12,115,33,115,-55,20.530972,-1.517,7.448
Cyanobacteria,Anabaena,358,11,112,33,114,-56,21.074643,-1.514,7.421
Cyanobacteria,Anabaena,362,12,115,33,116,-54,20.597783,-1.51,7.481
Cyanobacteria,Anabaena,360,12,116,33,116,-54,20.531547,-1.515,7.518
Cyanobacteria,Anabaena,361,11,115,33,115,-55,20.530972,-1.517,7.448
Cyanobacteria,Anabaena,361,11,115,33,115,-54,20.515642,-1.518,7.508
Cyanobacteria,Anabaena,362,12,115,33,115,-55,20.494988,-1.52,7.423
Cyanobacteria,Anabaena,358,12,117,34,116,39,20.256675,-1.556,7.556
Cyanobacteria,Anabaena,0,0,0,0,0,0,21.184237,-1.517,7.429
Cyanobacteria,Anabaena,0,0,0,0,0,0,21.402104,-1.515,7.537
Cyanobacteria,Anabaena,283,112,192,26,102,36,22.307761,0.801,10.144
Cyanobacteria,Anabaena,0,0,0,0,0,0,21.859679,0.254,9.6
Cyanobacteria,Anabaena,300,100,182,29,142,22,21.695449,-0.754,9.155
Cyanobacteria,Anabaena,303,99,31,31,142,20,21.717793,-0.779,9.14
Cyanobacteria,Anabaena,0,0,0,0,0,0,21.19894,-1.704,8.55
Cyanobacteria,Anabaena,358,10,111,33,113,-56,21.102595,-1.514,7.391
Cyanobacteria,Anabaena,358,11,113,33,114,-55,21.100821,-1.515,7.427
Cyanobacteria,Anabaena,352,24,6,37,123,51,21.135396,-1.678,8.513
Cyanobacteria,Anabaena,351,-15,127,32,64,51,21.031334,-1.688,8.349
Cyanobacteria,Anabaena,0,0,0,0,0,0,21.35064,-1.516,7.529
Cyanobacteria,Anabaena,356,15,120,32,118,43,20.300591,-1.576,7.615
Cyanobacteria,Anabaena,289,70,46,29,103,36,22.354592,0.871,10.225
Cyanobacteria,Anabaena,357,7,-12,33,110,-58,21.190077,-1.515,7.382
Cyanobacteria,Anabaena,358,9,110,33,112,-57,21.102595,-1.514,7.391
Cyanobacteria,Anabaena,351,-16,127,30,64,113,20.91981,-1.687,8.226
Cyanobacteria,Anabaena,354,15,120,32,117,157,20.305989,-1.605,7.625
Cyanobacteria,Anabaena,352,19,123,31,61,160,20.532755,-1.608,7.77
Cyanobacteria,Anabaena,351,21,124,30,62,110,20.556257,-1.63,7.794
Cyanobacteria,Anabaena,0,0,0,0,0,0,21.19894,-1.704,8.55
Cyanobacteria,Anabaena,358,10,111,33,113,-56,21.102595,-1.514,7.391
Cyanobacteria,Anabaena,358,11,113,33,114,-55,21.100821,-1.515,7.427
Cyanobacteria,Anabaena,263,79,206,34,71,16,22.090072,1.594,11.645
Cyanobacteria,Anabaena,358,11,113,33,114,-55,21.100821,-1.515,7.427
Cyanobacteria,Anabaena,335,83,173,42,127,55,21.240544,-0.946,8.866
Cyanobacteria,Anabaena,358,11,113,33,114,-55,21.100821,-1.515,7.427
Cyanobacteria,Anabaena,360,13,114,32,116,-54,20.767914,-1.503,7.5
Cyanobacteria,Anabaena,0,0,0,0,0,0,20.984352,-1.511,7.595
Cyanobacteria,Anabaena,360,12,113,33,115,-55,20.936481,-1.51,7.515
Cyanobacteria,Anabaena,343,32,178,41,128,53,21.063178,-1.088,8.769
Cyanobacteria,Anabaena,0,0,0,0,0,0,21.19894,-1.704,8.55
Cyanobacteria,Anabaena,358,11,113,33,114,-55,21.100821,-1.515,7.427
Cyanobacteria,Anabaena,335,83,173,42,127,55,21.240544,-0.946,8.866
Cyanobacteria,Anabaena,351,-16,127,30,64,113,20.91981,-1.687,8.226
Cyanobacteria,Anabaena,0,0,0,0,0,0,21.19894,-1.704,8.55
Cyanobacteria,Anabaena,358,10,111,33,113,-56,21.102595,-1.514,7.391
Cyanobacteria,Anabaena,358,11,113,33,114,-55,21.100821,-1.515,7.427
Cyanobacteria,Anabaena,358,10,111,33,113,-56,21.102595,-1.514,7.391
Cyanobacteria,Anabaena,343,32,178,41,128,53,21.063178,-1.088,8.769
Cyanobacteria,Anabaena,358,10,111,33,113,-56,21.102595,-1.514,7.391
Cyanobacteria,Anabaena,343,32,178,41,128,53,21.063178,-1.088,8.769
Cyanobacteria,Anabaena,358,11,113,33,114,-55,21.100821,-1.515,7.427
Cyanobacteria,Anabaena,0,0,0,0,0,0,21.162382,-1.691,8.502
Cyanobacteria,Anabaena,358,9,110,33,112,-57,21.102595,-1.514,7.391
Cyanobacteria,Anabaena,0,0,0,0,0,0,21.138244,-1.516,7.489
Cyanobacteria,Anabaena,0,0,0,0,0,0,21.162382,-1.691,8.502
Cyanobacteria,Anabaena,0,0,0,0,0,0,21.35064,-1.516,7.529
Cyanobacteria,Anabaena,347,61,115,37,110,36,21.435206,-1.514,7.515
Cyanobacteria,Anabaena,350,61,115,36,110,37,21.35064,-1.516,7.529
Cyanobacteria,Anabaena,356,8,111,33,112,-56,21.190077,-1.515,7.382
Cyanobacteria,Anabaena,357,8,-11,33,111,-57,21.161899,-1.515,7.325
Cyanobacteria,Anabaena,0,0,0,0,0,0,21.102595,-1.514,7.391
Cyanobacteria,Anabaena,357,8,109,33,111,-58,21.148397,-1.514,7.362
Cyanobacteria,Anabaena,361,11,113,32,115,-55,20.767914,-1.503,7.5
Cyanobacteria,Anabaena,359,13,116,32,116,-53,20.714304,-1.496,7.537
Cyanobacteria,Anabaena,361,13,117,33,116,-53,20.548667,-1.51,7.531
Cyanobacteria,Anabaena,359,13,116,33,116,-52,20.56714,-1.505,7.543
Cyanobacteria,Anabaena,352,71,123,32,119,160,20.426575,-1.585,7.707
Cyanobacteria,Anabaena,352,72,124,31,120,160,20.431886,-1.582,7.709
Cyanobacteria,Anabaena,0,0,0,0,0,0,21.19894,-1.704,8.55
Cyanobacteria,Anabaena,358,11,113,33,114,-55,21.100821,-1.515,7.427
Cyanobacteria,Anabaena,0,0,0,0,0,0,21.138244,-1.516,7.489
Cyanobacteria,Anabaena,358,10,111,33,113,-56,21.102595,-1.514,7.391
Cyanobacteria,Anabaena,358,10,111,33,113,-56,21.102595,-1.514,7.391
Cyanobacteria,Anabaena,358,11,113,33,114,-55,21.100821,-1.515,7.427
Cyanobacteria,Anabaena,358,9,110,33,112,-57,21.102595,-1.514,7.391
Cyanobacteria,Anabaena,358,11,113,33,114,-55,21.100821,-1.515,7.427
Cyanobacteria,Anabaena,0,0,0,0,0,0,21.138244,-1.516,7.489
Cyanobacteria,Anabaena,0,0,0,0,0,0,21.162382,-1.691,8.502
Cyanobacteria,Anabaena,0,0,0,0,0,0,21.162382,-1.691,8.502
Cyanobacteria,Anabaena,0,0,0,0,0,0,21.162382,-1.691,8.502
Cyanobacteria,Anabaena,0,0,0,0,0,0,21.162382,-1.691,8.502
Cyanobacteria,Anabaena,244,95,204,24,124,51,22.266625,1.286,11.63
Cyanobacteria,Anabaena,246,89,209,25,119,54,22.133556,1.346,11.513
Cyanobacteria,Anabaena,0,0,0,0,0,0,22.467354,0.967,11.924
Cyanobacteria,Anabaena,257,94,205,24,121,47,22.905711,1.049,11.989
Cyanobacteria,Anabaena,272,72,201,34,65,36,21.849369,1.11,11.545
Cyanobacteria,Anabaena,261,79,200,34,70,38,21.896204,1.14,11.641
Cyanobacteria,Anabaena,261,80,209,33,72,18,22.159371,1.592,11.598
Cyanobacteria,Anabaena,262,121,195,23,111,43,21.854268,1.244,11.749
Cyanobacteria,Anabaena,259,94,205,24,121,46,22.864791,1.061,11.994
Cyanobacteria,Anabaena,249,92,210,25,121,55,22.190585,1.211,11.535
Cyanobacteria,Anabaena,247,95,205,24,124,52,22.176997,1.297,11.628
Cyanobacteria,Anabaena,282,84,208,34,114,42,22.665063,1.116,11.84
Cyanobacteria,Anabaena,250,86,206,26,115,50,22.131756,1.01,11.461
Cyanobacteria,Anabaena,250,86,206,26,116,51,22.120022,0.928,11.454
Cyanobacteria,Anabaena,282,115,218,26,105,38,22.345714,0.885,10.275
Cyanobacteria,Anabaena,263,79,200,34,111,38,22.062997,1.079,11.681
Cyanobacteria,Anabaena,235,92,201,22,120,51,21.966106,0.942,11.793
Cyanobacteria,Anabaena,262,79,199,34,111,38,22.018174,1.128,11.709
Cyanobacteria,Anabaena,247,95,205,23,123,48,22.858565,1.046,11.989
Cyanobacteria,Anabaena,247,95,205,23,123,48,22.858565,1.046,11.989
Cyanobacteria,Anabaena,247,96,205,24,123,49,22.866391,1.059,11.985
Cyanobacteria,Anabaena,249,86,206,26,116,51,22.050349,1.248,11.431
Cyanobacteria,Anabaena,248,87,206,26,116,51,22.028321,1.273,11.428
Cyanobacteria,Anabaena,271,74,202,34,66,37,21.875116,1.083,11.54
